{
    "scenebuilder": {
        "buildings": [],
        "vehicles": [
            {
                "ID": "V0",
                "position": [
                    -2.201612903225807,
                    -1.370967741935484,
                    0.5
                ],
                "goal": [
                    2.766129032258064,
                    3.056451612903226,
                    0.5
                ]
            },
            {
                "ID": "V1",
                "position": [
                    -1.35483870967742,
                    2.17741935483871,
                    0.5
                ],
                "goal": [
                    3.64516129032258,
                    -2.725806451612903,
                    0.5
                ]
            }
        ]
    },
    "default": {
        "buildings": [
            {
                "ID": "Building 0",
                "vertices": [
                    [
                        0.0,
                        0.5,
                        1.2
                    ],
                    [
                        0.47552825814757677,
                        0.15450849718747373,
                        1.2
                    ],
                    [
                        0.2938926261462366,
                        -0.40450849718747367,
                        1.2
                    ],
                    [
                        -0.2938926261462365,
                        -0.4045084971874737,
                        1.2
                    ],
                    [
                        -0.4755282581475768,
                        0.15450849718747361,
                        1.2
                    ]
                ]
            }
        ],
        "vehicles": [
            {
                "ID": "V0",
                "position": [
                    -3.0,
                    0.0001,
                    0.5
                ],
                "goal": [
                    3.0,
                    0.0,
                    0.5
                ],
                "source_strength": 0.5,
                "imag_source_strength": 0.5,
                "sink_strength": 5
            }
        ]
    }
}