{
    "alpha": {
        "buildings": [
            {
                "ID": "Building 0",
                "vertices": [
                    [
                        0.974927,
                        -0.22252,
                        1.2
                    ],
                    [
                        0.433883,
                        -0.900968,
                        1.2
                    ],
                    [
                        -0.433883,
                        -0.900968,
                        1.2
                    ],
                    [
                        -0.974927,
                        -0.22252,
                        1.2
                    ],
                    [
                        -0.781831,
                        0.623489,
                        1.2
                    ],
                    [
                        0.0,
                        1.0,
                        1.2
                    ],
                    [
                        0.781831,
                        0.623489,
                        1.2
                    ]
                ]
            }
        ],
        "vehicles": [
            {
                "ID": "V1",
                "position": [
                    -3.0,
                    0.0001,
                    0.5
                ],
                "goal": [
                    3.0,
                    0.0,
                    0.5
                ],
                "source_strength": 0.5,
                "imag_source_strength": 0.5,
                "sink_strength": 5,
                "safety": 0.0001
            }
        ]
    },
    "crazyflie": {
        "buildings": [
            {
                "ID": "Building 0",
                "vertices": [
                    [
                        0.629903,
                        0.425,
                        1.2
                    ],
                    [
                        0.5,
                        0.35,
                        1.2
                    ],
                    [
                        0.370096,
                        0.424999,
                        1.2
                    ],
                    [
                        0.370096,
                        0.575,
                        1.2
                    ],
                    [
                        0.5,
                        0.65,
                        1.2
                    ],
                    [
                        0.629903,
                        0.575,
                        1.2
                    ]
                ]
            },
            {
                "ID": "Building 1",
                "vertices": [
                    [
                        -0.370096,
                        -0.575,
                        1.2
                    ],
                    [
                        -0.5,
                        -0.65,
                        1.2
                    ],
                    [
                        -0.629903,
                        -0.575,
                        1.2
                    ],
                    [
                        -0.629903,
                        -0.425,
                        1.2
                    ],
                    [
                        -0.5,
                        -0.35,
                        1.2
                    ],
                    [
                        -0.370096,
                        -0.425,
                        1.2
                    ]
                ]
            }
        ],
        "vehicles": [
            {
                "ID": "V1",
                "position": [
                    -1.5,
                    0.0001,
                    0.5
                ],
                "goal": [
                    1.5,
                    0.0,
                    0.5
                ],
                "source_strength": 0.5,
                "imag_source_strength": 0.5,
                "sink_strength": 5,
                "safety": 0.0001
            },
            {
                "ID": "V2",
                "position": [
                    1.5,
                    0.0,
                    0.5
                ],
                "goal": [
                    -1.5,
                    0.0,
                    0.5
                ],
                "source_strength": 0.5,
                "imag_source_strength": 0.5,
                "sink_strength": 5,
                "safety": 0.0001
            },
            {
                "ID": "V3",
                "position": [
                    0.0,
                    1.5,
                    0.5
                ],
                "goal": [
                    0.0,
                    -1.5,
                    0.5
                ],
                "source_strength": 0.5,
                "imag_source_strength": 0.5,
                "sink_strength": 5,
                "safety": 0.0001
            }
        ]
    },
    "default": {
        "buildings": [
            {
                "ID": "Building 0",
                "vertices": [
                    [
                        0.293892,
                        -0.404508,
                        1.2
                    ],
                    [
                        -0.293892,
                        -0.404508,
                        1.2
                    ],
                    [
                        -0.475528,
                        0.154508,
                        1.2
                    ],
                    [
                        0.0,
                        0.5,
                        1.2
                    ],
                    [
                        0.475528,
                        0.154508,
                        1.2
                    ]
                ]
            }
        ],
        "vehicles": [
            {
                "ID": "V1",
                "position": [
                    -3.0,
                    0.0001,
                    0.5
                ],
                "goal": [
                    3.0,
                    0.0,
                    0.5
                ],
                "source_strength": 0.5,
                "imag_source_strength": 0.5,
                "sink_strength": 5,
                "safety": 0.0001
            }
        ]
    },
    "twodrones": {
        "buildings": [],
        "vehicles": [
            {
                "ID": "V1",
                "position": [
                    -3.0,
                    0.0001,
                    0.5
                ],
                "goal": [
                    3.0,
                    0.0,
                    0.5
                ],
                "source_strength": 0.5,
                "imag_source_strength": 0.5,
                "sink_strength": 5,
                "safety": 0.0001
            },
            {
                "ID": "V2",
                "position": [
                    3.0,
                    0.0001,
                    0.5
                ],
                "goal": [
                    -3.0,
                    0.0,
                    0.5
                ],
                "source_strength": 0.5,
                "imag_source_strength": 0.5,
                "sink_strength": 5,
                "safety": 0.0001
            }
        ]
    },
    "threedrones": {
        "buildings": [],
        "vehicles": [
            {
                "ID": "V1",
                "position": [
                    -3.0,
                    0.0001,
                    0.5
                ],
                "goal": [
                    3.0,
                    0.0,
                    0.5
                ],
                "source_strength": 0.5,
                "imag_source_strength": 0.5,
                "sink_strength": 5,
                "safety": 0.0001
            },
            {
                "ID": "V2",