{
  "essai": {
    "buildings": [
      {
        "ID": "1",
        "vertices": [
          [0.6453586497890291, 0.05767932489451539, 1],
          [0.39535864978902907, 0.4906793248945154, 1],
          [-0.10464135021097093, 0.4906793248945154, 1],
          [-0.35464135021097093, 0.05767932489451539, 1],
          [-0.10464135021097093, -0.3753206751054846, 1],
          [0.39535864978902907, -0.3753206751054846, 1]
        ]
      },
      {
        "ID": "2",
        "vertices": [
          [-2.6709282700421944, -0.7206329113924045, 1],
          [-2.9209282700421944, -0.2876329113924045, 1],
          [-3.4209282700421944, -0.2876329113924045, 1],
          [-3.6709282700421944, -0.7206329113924045, 1],
          [-3.4209282700421944, -1.1536329113924044, 1],
          [-2.9209282700421944, -1.1536329113924044, 1]
        ]
      },
      {
        "ID": "3",
        "vertices": [
          [3.6401687763713073, -1.2620675105485224, 1],
          [3.3901687763713073, -0.8290675105485223, 1],
          [2.8901687763713073, -0.8290675105485223, 1],
          [2.6401687763713073, -1.2620675105485224, 1],
          [2.8901687763713073, -1.6950675105485224, 1],
          [3.3901687763713073, -1.6950675105485224, 1]
        ]
      }
    ],
    "vehicles": [
      {
        "ID": "68",
        "position": [-0.0407594936708864, -3.7831223628691975, 0.9],
        "goal": [-1.5804641350210975, 3.712362869198312, 0.9],
        "source_strength": 0.5,
        "imag_source_strength": 0.5,
        "sink_strength": 5,
        "safety": 0.0001
      }
    ]
  },
  "default": {
    "buildings": [
      {
        "ID": "Building 0",
        "vertices": [
          [0.475528, 0.154508, 1.2],
          [0.0, 0.5, 1.2],
          [-0.475528, 0.154508, 1.2],
          [-0.293892, -0.404508, 1.2],
          [0.293892, -0.404508, 1.2]
        ]
      }
    ],
    "vehicles": [
      {
        "ID": "V0",
        "position": [-3.0, 0.0001, 0.5],
        "goal": [3.0, 0.0, 0.5],
        "source_strength": 0.5,
        "imag_source_strength": 0.5,
        "sink_strength": 5
      }
    ]
  }
}
