{
    "default": {
        "buildings": [
            {
                "ID": "Building 0",
                "vertices": [
                    [
                        0.293892,
                        -0.404508,
                        1.2
                    ],
                    [
                        -0.293892,
                        -0.404508,
                        1.2
                    ],
                    [
                        -0.475528,
                        0.154508,
                        1.2
                    ],
                    [
                        0.0,
                        0.5,
                        1.2
                    ],
                    [
                        0.475528,
                        0.154508,
                        1.2
                    ]
                ]
            }
        ],
        "vehicles": [
            {
                "ID": "V1",
                "position": [
                    -3.0,
                    0.0001,
                    0.5
                ],
                "goal": [
                    3.0,
                    0.0,
                    0.5
                ],
                "source_strength": 0.5,
                "imag_source_strength": 0.5,
                "sink_strength": 5,
                "safety": 0.0001
            }
        ]
    },
    "Test Case": {
        "buildings": [
            {
                "ID": "Building 0",
                "vertices": [
                    [
                        0.854838,
                        1.201612,
                        1.2
                    ],
                    [
                        -1.41129,
                        0.25,
                        1.2
                    ],
                    [
                        -1.41129,
                        2.620967,
                        1.2
                    ],
                    [
                        1.064516,
                        3.008064,
                        1.2
                    ]
                ]
            }
        ],
        "vehicles": [
            {
                "ID": "V0",
                "position": [
                    -1.959677419354839,
                    -1.846774193548387,
                    0.5
                ],
                "goal": [
                    -0.14516129032258096,
                    3.798387096774194,
                    0.5
                ],
                "source_strength": 1,
                "imag_source_strength": 0.5,
                "sink_strength": 5,
                "safety": null
            }
        ]
    }
}