{
    "default": {
        "buildings": [
            {
                "ID": "Building 0",
                "vertices": [
                    [
                        0.293892,
                        -0.404508,
                        1.2
                    ],
                    [
                        -0.293892,
                        -0.404508,
                        1.2
                    ],
                    [
                        -0.475528,
                        0.154508,
                        1.2
                    ],
                    [
                        0.0,
                        0.5,
                        1.2
                    ],
                    [
                        0.475528,
                        0.154508,
                        1.2
                    ]
                ]
            }
        ],
        "vehicles": [
            {
                "ID": "V1",
                "position": [
                    -3.0,
                    0.0001,
                    0.5
                ],
                "goal": [
                    3.0,
                    0.0,
                    0.5
                ],
                "source_strength": 0.5,
                "imag_source_strength": 0.5,
                "sink_strength": 5,
                "safety": 0.0001
            }
        ]
    },
    "cat": {
        "buildings": [
            {
                "ID": "Building 0",
                "vertices": [
                    [
                        1.979422,
                        0.560503,
                        1.2
                    ],
                    [
                        2.132985,
                        0.307125,
                        1.2
                    ],
                    [
                        2.271191,
                        -0.030712,
                        1.2
                    ],
                    [
                        2.225122,
                        -0.353194,
                        1.2
                    ],
                    [
                        2.086916,
                        -0.767813,
                        1.2
                    ],
                    [
                        1.802825,
                        -1.097972,
                        1.2
                    ],
                    [
                        1.457309,
                        -1.31296,
                        1.2
                    ],
                    [
                        0.965909,
                        -1.489557,
                        1.2
                    ],
                    [
                        0.459152,
                        -1.574017,
                        1.2
                    ],
                    [
                        -0.116707,
                        -1.566339,
                        1.2
                    ],
                    [
                        -0.746314,
                        -1.543304,
                        1.2
                    ],
                    [
                        -1.437346,
                        -1.581695,
                        1.2
                    ],
                    [
                        -1.813574,
                        -1.474201,
                        1.2
                    ],
                    [
                        -2.397113,
                        -1.320638,
                        1.2
                    ],
                    [
                        -2.688882,
                        -1.128685,
                        1.2
                    ],
                    [
                        -2.911547,
                        -0.813882,
                        1.2
                    ],
                    [
                        -3.134213,
                        -0.476044,
                        1.2
                    ],
                    [
                        -3.210995,
                        -0.107493,
                        1.2
                    ],
                    [
                        -3.080466,
                        0.276412,
                        1.2
                    ],
                    [
                        -2.8578,
                        0.568181,
                        1.2
                    ],
                    [
                        -2.635135,
                        0.798525,
                        1.2
                    ],
                    [
                        -2.427825,
                        0.9828,
                        1.2
                    ],
                    [
                        -2.304975,
                        1.305282,
                        1.2
                    ],
                    [
                        -2.281941,
                        1.750614,
                        1.2
                    ],
                    [
                        -2.151412,
                        2.21898,
                        1.2
                    ],
                    [
                        -1.09183,
                        1.366707,
                        1.2
                    ],
                    [
                        -1.928746,
                        2.46468,
                        1.2
                    ],
                    [
                        -1.207002,
                        1.704545,
                        1.2
                    ],
                    [
                        -0.84613,
                        1.282248,
                        1.2
                    ],
                    [
                        -1.368243,
                        2.050061,
                        1.2
                    ],
                    [
                        -1.598587,
                        2.395577,
                        1.2
                    ],
                    [
                        -0.51597,
                        1.289926,
                        1.2
                    ],
                    [
                        -0.216523,
                        1.305282,
                        1.2
                    ],
                    [
                        0.213452,
                        1.266891,
                        1.2
                    ],
                    [
                        1.226965,
                        2.050061,
                        1.2
                    ],
                    [
                        1.449631,
                        2.249692,
                        1.2
                    ],
                    [
                        1.004299,
                        1.812039,
                        1.2
                    ],
                    [
                        1.672297,
                        2.364864,
                        1.2
                    ],
                    [
                        0.820024,
                        1.55866,
                        1.2
                    ],
                    [
                        0.497542,
                        1.213144,
                        1.2
                    ],
                    [
                        1.779791,
                        2.065417,
                        1.2
                    ],
                    [
                        0.735565,
                        1.31296,
                        1.2
                    ],
                    [
                        1.833538,
                        1.789004,
                        1.2
                    ],
                    [
                        1.833538,
                        1.458845,
                        1.2
                    ],
                    [
                        1.887285,
                        1.074938,
                        1.2
                    ],
                    [
                        1.841216,
                        0.798525,
                        1.2
                    ]
