{
  "default": {
    "buildings": [
      {
        "ID": "Building 0",
        "vertices": [
          [0.293892, -0.404508, 1.2],
          [-0.293892, -0.404508, 1.2],
          [-0.475528, 0.154508, 1.2],
          [0.0, 0.5, 1.2],
          [0.475528, 0.154508, 1.2]
        ]
      }
    ],
    "vehicles": [
      {
        "ID": "V1",
        "position": [-3.0, 0.0001, 0.5],
        "goal": [3.0, 0.0, 0.5],
        "source_strength": 0.5,
        "imag_source_strength": 0.5,
        "sink_strength": 5,
        "safety": 0.0001
      }
    ]
  },
  "Test Case": {
    "buildings": [
      {
        "ID": "Building 0",
        "vertices": [
          [-1.120967, 1.774193, 1.2],
          [-2.57258, 1.395161, 1.2],
          [-2.693548, 3.16129, 1.2],
          [-0.362903, 3.491935, 1.2]
        ]
      },
      {
        "ID": "Building 1",
        "vertices": [
          [3.016129, -0.838709, 1.2],
          [3.564516, -3.07258, 1.2],
          [1.177419, -3.379032, 1.2],
          [-1.16129, -1.241935, 1.2],
          [-0.298387, 2.790322, 1.2],
          [2.774193, 1.532258, 1.2]
        ]
      }
    ],
    "vehicles": [
      {
        "ID": "V0",
        "position": [-2.088709677419355, 0.6370967741935489, 0.5],
        "goal": [-0.10483870967741993, 2.919354838709678, 0.5],
        "source_strength": 1,
        "imag_source_strength": 0.5,
        "sink_strength": 5,
        "safety": null
      }
    ]
  }
}
