{
    "default": {
        "buildings": [
            {
                "ID": "Building 0",
                "vertices": [
                    [
                        0.293892,
                        -0.404508,
                        1.2
                    ],
                    [
                        -0.293892,
                        -0.404508,
                        1.2
                    ],
                    [
                        -0.475528,
                        0.154508,
                        1.2
                    ],
                    [
                        0.0,
                        0.5,
                        1.2
                    ],
                    [
                        0.475528,
                        0.154508,
                        1.2
                    ]
                ]
            }
        ],
        "vehicles": [
            {
                "ID": "V1",
                "position": [
                    -3.0,
                    0.0001,
                    0.5
                ],
                "goal": [
                    3.0,
                    0.0,
                    0.5
                ],
                "source_strength": 0.5,
                "imag_source_strength": 0.5,
                "sink_strength": 5,
                "safety": 0.0001
            }
        ]
    },
    "Test Case": {
        "buildings": [
            {
                "ID": "Building 0",
                "vertices": [
                    [
                        -1.298387,
                        -0.975806,
                        1.2
                    ],
                    [
                        -2.185483,
                        -0.975806,
                        1.2
                    ],
                    [
                        -2.314516,
                        1.790322,
                        1.2
                    ]
                ]
            },
            {
                "ID": "Building 1",
                "vertices": [
                    [
                        3.5,
                        -2.064516,
                        1.2
                    ],
                    [
                        2.717741,
                        -2.717741,
                        1.2
                    ],
                    [
                        1.951612,
                        -2.096774,
                        1.2
                    ],
                    [
                        3.040322,
                        -1.217741,
                        1.2
                    ]
                ]
            }
        ],
        "vehicles": [
            {
                "ID": "V0",
                "position": [
                    0.8387096774193541,
                    -1.008064516129032,
                    0.5
                ],
                "goal": [
                    1.7983870967741922,
                    0.5,
                    0.5
                ],
                "source_strength": 1,
                "imag_source_strength": 0.5,
                "sink_strength": 5,
                "safety": null
            }
        ]
    }
}