{
    "default": {
        "buildings": [
            {
                "ID": "Building 0",
                "vertices": [
                    [
                        0.293892,
                        -0.404508,
                        1.2
                    ],
                    [
                        -0.293892,
                        -0.404508,
                        1.2
                    ],
                    [
                        -0.475528,
                        0.154508,
                        1.2
                    ],
                    [
                        0.0,
                        0.5,
                        1.2
                    ],
                    [
                        0.475528,
                        0.154508,
                        1.2
                    ]
                ]
            }
        ],
        "vehicles": [
            {
                "ID": "V1",
                "position": [
                    -3.0,
                    0.0001,
                    0.5
                ],
                "goal": [
                    3.0,
                    0.0,
                    0.5
                ],
                "source_strength": 0.5,
                "imag_source_strength": 0.5,
                "sink_strength": 5,
                "safety": 0.0001
            }
        ]
    },
    "Test Case": {
        "buildings": [
            {
                "ID": "Building 0",
                "vertices": [
                    [
                        0.354287,
                        0.199854,
                        1.2
                    ],
                    [
                        -1.407473,
                        0.402269,
                        1.2
                    ],
                    [
                        -1.299055,
                        0.772165,
                        1.2
                    ],
                    [
                        -0.345203,
                        1.171874,
                        1.2
                    ]
                ]
            }
        ],
        "vehicles": [
            {
                "ID": "V0",
                "position": [
                    -1.2445494186046506,
                    -1.6079215116279073,
                    0.5
                ],
                "goal": [
                    0.2906976744186043,
                    2.1438953488372086,
                    0.5
                ],
                "source_strength": 1,
                "imag_source_strength": 0.5,
                "sink_strength": 5,
                "safety": null
            }
        ]
    }
}