{
    "scenebuilder": {
        "buildings": [],
        "vehicles": [
            {
                "ID": "V0",
                "position": [
                    -0.8790322580645169,
                    3.439516129032258,
                    0.5
                ],
                "goal": [
                    1.5,
                    3.487903225806452,
                    0.5
                ]
            },
            {
                "ID": "V1",
                "position": [
                    -4.10483870967742,
                    -0.06854838709677402,
                    0.5
                ],
                "goal": [
                    4.032258064516128,
                    -0.02822580645161299,
                    0.5
                ]
            }
        ]
    },
    "default": {
        "buildings": [
            {
                "ID": "Building 0",
                "vertices": [
                    [
                        0.0,
                        0.5,
                        1.2
                    ],
                    [
                        0.47552825814757677,
                        0.15450849718747373,
                        1.2
                    ],
                    [
                        0.2938926261462366,
                        -0.40450849718747367,
                        1.2
                    ],
                    [
                        -0.2938926261462365,
                        -0.4045084971874737,
                        1.2
                    ],
                    [
                        -0.4755282581475768,
                        0.15450849718747361,
                        1.2
                    ]
                ]
            }
        ],
        "vehicles": [
            {
                "ID": "V0",
                "position": [
                    -3.0,
                    0.0001,
                    0.5
                ],
                "goal": [
                    3.0,
                    0.0,
                    0.5
                ],
                "source_strength": 0.5,
                "imag_source_strength": 0.5,
                "sink_strength": 5
            }
        ]
    }
}